[{"model": "viewer.level", "pk": 1, "fields": {"name": "Beginner", "threshold": 0}}, {"model": "viewer.level", "pk": 2, "fields": {"name": "Novice", "threshold": 10}}, {"model": "viewer.level", "pk": 3, "fields": {"name": "Intermediate", "threshold": 20}}, {"model": "viewer.level", "pk": 4, "fields": {"name": "Advanced", "threshold": 40}}, {"model": "viewer.level", "pk": 5, "fields": {"name": "Master", "threshold": 80}}, {"model": "viewer.category", "pk": 1, "fields": {"name": "Prehistoria"}}, {"model": "viewer.category", "pk": 2, "fields": {"name": "Starożytność"}}, {"model": "viewer.category", "pk": 3, "fields": {"name": "Średniowiecze"}}, {"model": "viewer.category", "pk": 4, "fields": {"name": "Nowożytność"}}, {"model": "viewer.category", "pk": 5, "fields": {"name": "Epoka XIX wieku"}}, {"model": "viewer.category", "pk": 6, "fields": {"name": "Współczesność"}}, {"model": "viewer.question", "pk": 0, "fields": {"contents": "Co było podstawowym materiałem do wyrobu narzędzi w epoce kamienia?", "category_id": 1, "score": 10, "level": 1}}, {"model": "viewer.question", "pk": 1, "fields": {"contents": "Które zwierzę zostało udomowione jako pierwsze?", "category_id": 1, "score": 20, "level": 2}}, {"model": "viewer.question", "pk": 2, "fields": {"contents": "Które narzędzie było używane przez ludzi w epoce kamienia do polowania?", "category_id": 1, "score": 30, "level": 3}}, {"model": "viewer.question", "pk": 3, "fields": {"contents": "Jakie znaczenie miały groty strzał w życiu ludzi prehistorycznych?", "category_id": 1, "score": 40, "level": 4}}, {"model": "viewer.question", "pk": 4, "fields": {"contents": "Która z poniższych cech nie jest charakterystyczna dla epoki kamienia?", "category_id": 1, "score": 10, "level": 1}}, {"model": "viewer.question", "pk": 5, "fields": {"contents": "Jakie znaczenie miało malowanie ścian jaskiń w kulturze prehistorycznej?", "category_id": 1, "score": 20, "level": 2}}, {"model": "viewer.question", "pk": 6, "fields": {"contents": "Które z poniższych cywilizacji starożytnych wybudowało piramidy w Gizie?", "category_id": 2, "score": 10, "level": 1}}, {"model": "viewer.question", "pk": 7, "fields": {"contents": "Kto był założycielem starożytnego Rzymu?", "category_id": 2, "score": 10, "level": 2}}, {"model": "viewer.question", "pk": 8, "fields": {"contents": "Która z poniższych budowli jest jednym z siedmiu cudów starożytnego świata?", "category_id": 2, "score": 20, "level": 2}}, {"model": "viewer.question", "pk": 9, "fields": {"contents": "Który z poniższych filozofów był uczniem Sokratesa?", "category_id": 2, "score": 30, "level": 3}}, {"model": "viewer.question", "pk": 10, "fields": {"contents": "Które z poniższych miast było stolicą starożytnego imperium perskiego?", "category_id": 2, "score": 10, "level": 1}}, {"model": "viewer.question", "pk": 11, "fields": {"contents": "Które z poniższych miast było największym miastem starożytnego świata?", "category_id": 2, "score": 20, "level": 2}}, {"model": "viewer.question", "pk": 12, "fields": {"contents": "Które z poniższych wydarzeń rozpoczęło okres średniowiecza w Europie?", "category_id": 3, "score": 20, "level": 2}}, {"model": "viewer.question", "pk": 13, "fields": {"contents": "Które z poniższych wydarzeń nie jest uznawane za cezurę wyznaczającą koniec epoki średniowiecza?", "category_id": 3, "score": 30, "level": 3}}, {"model": "viewer.question", "pk": 14, "fields": {"contents": "Które z poniższych wydarzeń było kluczowym momentem w historii angielskiej w średniowieczu?", "category_id": 3, "score": 20, "level": 2}}, {"model": "viewer.question", "pk": 15, "fields": {"contents": "Która z poniższych postaci była królem Anglii w czasie wojny stuletniej?", "category_id": 3, "score": 30, "level": 3}}, {"model": "viewer.question", "pk": 16, "fields": {"contents": "Które z poniższych wydarzeń miało miejsce podczas pierwszej krucjaty?", "category_id": 3, "score": 20, "level": 2}}, {"model": "viewer.question", "pk": 17, "fields": {"contents": "Która z poniższych postaci była władcą Wielkiego Księstwa Moskiewskiego w XIV wieku?", "category_id": 3, "score": 30, "level": 3}}, {"model": "viewer.question", "pk": 18, "fields": {"contents": "Który z poniższych odkryć rozpoczął erę wielkich odkryć geograficznych?", "category_id": 4, "score": 20, "level": 2}}, {"model": "viewer.question", "pk": 19, "fields": {"contents": "Która z poniższych wojen była konfliktem religijnym w Europie w XVI wieku?", "category_id": 4, "score": 30, "level": 3}}, {"model": "viewer.question", "pk": 20, "fields": {"contents": "Które z poniższych państw europejskich było kolonią portugalską w XVI wieku?", "category_id": 4, "score": 20, "level": 2}}, {"model": "viewer.question", "pk": 21, "fields": {"contents": "Która z poniższych postaci była francuskim królem w okresie absolutyzmu?", "category_id": 4, "score": 30, "level": 3}}, {"model": "viewer.question", "pk": 22, "fields": {"contents": "Która z poniższych rewolucji miała miejsce w XVII wieku w Anglii?", "category_id": 4, "score": 20, "level": 2}}, {"model": "viewer.question", "pk": 23, "fields": {"contents": "Które z poniższych wydarzeń miało miejsce w trakcie rewolucji francuskiej?", "category_id": 4, "score": 30, "level": 3}}, {"model": "viewer.question", "pk": 24, "fields": {"contents": "Które z poniższych wydarzeń rozpoczęło rewolucję przemysłową w Anglii?", "category_id": 5, "score": 20, "level": 2}}, {"model": "viewer.question", "pk": 25, "fields": {"contents": "Która z poniższych bitew była decydującym starciem wojny francusko-pruskiej w 1870 roku?", "category_id": 5, "score": 30, "level": 3}}, {"model": "viewer.question", "pk": 26, "fields": {"contents": "Która z poniższych postaci był przywódcą zjednoczenia Włoch?", "category_id": 5, "score": 20, "level": 2}}, {"model": "viewer.question", "pk": 27, "fields": {"contents": "Który z poniższych wynalazków nie pojawił się w XIX wieku?", "category_id": 5, "score": 30, "level": 3}}, {"model": "viewer.question", "pk": 28, "fields": {"contents": "Które z poniższych wydarzeń było skutkiem rewolucji lutowej we Francji w 1848 roku?", "category_id": 5, "score": 20, "level": 2}}, {"model": "viewer.question", "pk": 29, "fields": {"contents": "Które z poniższych państw nie było członkiem Świętej Ligi utworzonej na Kongresie Wiedeńskim w 1815 roku?", "category_id": 5, "score": 30, "level": 3}}, {"model": "viewer.question", "pk": 30, "fields": {"contents": "Która z poniższych bitew była kluczowym starciem I wojny światowej?", "category_id": 6, "score": 20, "level": 2}}, {"model": "viewer.question", "pk": 31, "fields": {"contents": "Która z poniższych postaci była przywódcą ZSRR podczas II wojny światowej?", "category_id": 6, "score": 10, "level": 1}}, {"model": "viewer.question", "pk": 32, "fields": {"contents": "Które z poniższych wydarzeń miało miejsce w roku 1989?", "category_id": 6, "score": 20, "level": 2}}, {"model": "viewer.question", "pk": 33, "fields": {"contents": "Która z poniższych postaci była przywódcą Chin w latach 70. i 80. XX wieku?", "category_id": 6, "score": 30, "level": 3}}, {"model": "viewer.question", "pk": 34, "fields": {"contents": "Która z poniższych organizacji została założona po zakończeniu II wojny światowej?", "category_id": 6, "score": 20, "level": 2}}, {"model": "viewer.question", "pk": 35, "fields": {"contents": "Który z poniższych wydarzeń miało miejsce w roku 1991?", "category_id": 6, "score": 30, "level": 3}}, {"model": "viewer.answertype", "pk": 1, "fields": {"type_name": "Rok"}}, {"model": "viewer.answertype", "pk": 2, "fields": {"type_name": "Miejsce"}}, {"model": "viewer.answertype", "pk": 3, "fields": {"type_name": "Postać"}}, {"model": "viewer.answertype", "pk": 4, "fields": {"type_name": "Wydarzenie"}}, {"model": "viewer.answertype", "pk": 5, "fields": {"type_name": "Rzecz"}}, {"model": "viewer.answertype", "pk": 6, "fields": {"type_name": "Państwo"}}, {"model": "viewer.answer", "pk": 0, "fields": {"question_id": 0, "content": "Kamień", "type_id": 5, "flag": true}}, {"model": "viewer.answer", "pk": 1, "fields": {"question_id": 0, "content": "Stal", "type_id": 5, "flag": false}}, {"model": "viewer.answer", "pk": 2, "fields": {"question_id": 0, "content": "Plastik", "type_id": 5, "flag": false}}, {"model": "viewer.answer", "pk": 3, "fields": {"question_id": 0, "content": "Drewno", "type_id": 5, "flag": false}}, {"model": "viewer.answer", "pk": 4, "fields": {"question_id": 1, "content": "Pies", "type_id": 5, "flag": true}}, {"model": "viewer.answer", "pk": 5, "fields": {"question_id": 1, "content": "Kot", "type_id": 5, "flag": false}}, {"model": "viewer.answer", "pk": 6, "fields": {"question_id": 1, "content": "Koń", "type_id": 5, "flag": false}}, {"model": "viewer.answer", "pk": 7, "fields": {"question_id": 1, "content": "Świnia", "type_id": 5, "flag": false}}, {"model": "viewer.answer", "pk": 8, "fields": {"question_id": 2, "content": "Włócznia", "type_id": 5, "flag": true}}, {"model": "viewer.answer", "pk": 9, "fields": {"question_id": 2, "content": "Kije", "type_id": 5, "flag": false}}, {"model": "viewer.answer", "pk": 10, "fields": {"question_id": 2, "content": "Miecz", "type_id": 5, "flag": false}}, {"model": "viewer.answer", "pk": 11, "fields": {"question_id": 2, "content": "Siekiera", "type_id": 5, "flag": false}}, {"model": "viewer.answer", "pk": 12, "fields": {"question_id": 3, "content": "Były używane do polowania i samoobrony.", "type_id": 5, "flag": true}}, {"model": "viewer.answer", "pk": 13, "fields": {"question_id": 3, "content": "Służyły do pisania na ścianach jaskiń.", "type_id": 5, "flag": false}}, {"model": "viewer.answer", "pk": 14, "fields": {"question_id": 3, "content": "Były używane do palenia ognisk.", "type_id": 5, "flag": false}}, {"model": "viewer.answer", "pk": 15, "fields": {"question_id": 3, "content": "Służyły do obróbki kamienia.", "type_id": 5, "flag": false}}, {"model": "viewer.answer", "pk": 16, "fields": {"question_id": 4, "content": "Budowa piramid.", "type_id": 5, "flag": true}}, {"model": "viewer.answer", "pk": 17, "fields": {"question_id": 4, "content": "Użycie narzędzi z kamienia.", "type_id": 5, "flag": false}}, {"model": "viewer.answer", "pk": 18, "fields": {"question_id": 4, "content": "Rysunek na ścianach jaskiń.", "type_id": 5, "flag": false}}, {"model": "viewer.answer", "pk": 19, "fields": {"question_id": 4, "content": "Wędrowny tryb życia.", "type_id": 5, "flag": false}}, {"model": "viewer.answer", "pk": 20, "fields": {"question_id": 5, "content": "Malowidła na ścianach jaskiń pełniły funkcje religijne i magiczne.", "type_id": 5, "flag": true}}, {"model": "viewer.answer", "pk": 21, "fields": {"question_id": 5, "content": "Były to tylko ozdobniki, nie miały większego znaczenia.", "type_id": 5, "flag": false}}, {"model": "viewer.answer", "pk": 22, "fields": {"question_id": 5, "content": "Służyły do zapisywania historii ludzkości.", "type_id": 5, "flag": false}}, {"model": "viewer.answer", "pk": 23, "fields": {"question_id": 5, "content": "Malowidła były wyłącznie efektem kreatywności artystycznej.", "type_id": 5, "flag": false}}, {"model": "viewer.answer", "pk": 24, "fields": {"question_id": 6, "content": "Starożytni Egipcjanie", "type_id": 3, "flag": true}}, {"model": "viewer.answer", "pk": 25, "fields": {"question_id": 6, "content": "Starożytni Grecy", "type_id": 3, "flag": false}}, {"model": "viewer.answer", "pk": 26, "fields": {"question_id": 6, "content": "Starożytni Rzymianie", "type_id": 3, "flag": false}}, {"model": "viewer.answer", "pk": 27, "fields": {"question_id": 6, "content": "Starożytni Sumerowie", "type_id": 3, "flag": false}}, {"model": "viewer.answer", "pk": 28, "fields": {"question_id": 7, "content": "Romulus i Remus", "type_id": 3, "flag": true}}, {"model": "viewer.answer", "pk": 29, "fields": {"question_id": 7, "content": "Juliusz Cezar", "type_id": 3, "flag": false}}, {"model": "viewer.answer", "pk": 30, "fields": {"question_id": 7, "content": "Neron", "type_id": 3, "flag": false}}, {"model": "viewer.answer", "pk": 31, "fields": {"question_id": 7, "content": "Aleksander Wielki", "type_id": 3, "flag": false}}, {"model": "viewer.answer", "pk": 32, "fields": {"question_id": 8, "content": "Mauzoleum w Halikarnasie", "type_id": 5, "flag": false}}, {"model": "viewer.answer", "pk": 33, "fields": {"question_id": 8, "content": "Latarnia morska na Faros", "type_id": 5, "flag": false}}, {"model": "viewer.answer", "pk": 34, "fields": {"question_id": 8, "content": "Kolos z Rodos", "type_id": 5, "flag": false}}, {"model": "viewer.answer", "pk": 35, "fields": {"question_id": 8, "content": "Piramidy w Gizie", "type_id": 5, "flag": true}}, {"model": "viewer.answer", "pk": 36, "fields": {"question_id": 9, "content": "Platon", "type_id": 3, "flag": true}}, {"model": "viewer.answer", "pk": 37, "fields": {"question_id": 9, "content": "Plotyn", "type_id": 3, "flag": false}}, {"model": "viewer.answer", "pk": 38, "fields": {"question_id": 9, "content": "Herodot", "type_id": 3, "flag": false}}, {"model": "viewer.answer", "pk": 39, "fields": {"question_id": 9, "content": "Arystoteles", "type_id": 3, "flag": false}}, {"model": "viewer.answer", "pk": 40, "fields": {"question_id": 10, "content": "Babilon", "type_id": 6, "flag": false}}, {"model": "viewer.answer", "pk": 41, "fields": {"question_id": 10, "content": "Memfis", "type_id": 6, "flag": false}}, {"model": "viewer.answer", "pk": 42, "fields": {"question_id": 10, "content": "Persepolis", "type_id": 6, "flag": true}}, {"model": "viewer.answer", "pk": 43, "fields": {"question_id": 10, "content": "Ateny", "type_id": 6, "flag": false}}, {"model": "viewer.answer", "pk": 44, "fields": {"question_id": 11, "content": "Babilon", "type_id": 6, "flag": false}}, {"model": "viewer.answer", "pk": 45, "fields": {"question_id": 11, "content": "Ateny", "type_id": 6, "flag": false}}, {"model": "viewer.answer", "pk": 46, "fields": {"question_id": 11, "content": "Aleksandria", "type_id": 6, "flag": true}}, {"model": "viewer.answer", "pk": 47, "fields": {"question_id": 11, "content": "Rzym", "type_id": 6, "flag": false}}, {"model": "viewer.answer", "pk": 48, "fields": {"question_id": 12, "content": "Upadek Cesarstwa Zachodniorzymskiego", "type_id": 4, "flag": true}}, {"model": "viewer.answer", "pk": 49, "fields": {"question_id": 12, "content": "Odkrycie Ameryki", "type_id": 4, "flag": false}}, {"model": "viewer.answer", "pk": 50, "fields": {"question_id": 12, "content": "Wojna Trojańska", "type_id": 4, "flag": false}}, {"model": "viewer.answer", "pk": 51, "fields": {"question_id": 12, "content": "Wybuch Rewolucji Francuskiej", "type_id": 4, "flag": false}}, {"model": "viewer.answer", "pk": 52, "fields": {"question_id": 13, "content": "Wynalezienie druku przez Gutenberga", "type_id": 4, "flag": false}}, {"model": "viewer.answer", "pk": 53, "fields": {"question_id": 13, "content": "Upadek Konstantynopola", "type_id": 4, "flag": false}}, {"model": "viewer.answer", "pk": 54, "fields": {"question_id": 13, "content": "Uchwalenie Konstytucji 3 Maja", "type_id": 4, "flag": true}}, {"model": "viewer.answer", "pk": 55, "fields": {"question_id": 13, "content": "Odkrycie Ameryki", "type_id": 4, "flag": false}}, {"model": "viewer.answer", "pk": 56, "fields": {"question_id": 14, "content": "Bitwa pod Hastings", "type_id": 4, "flag": true}}, {"model": "viewer.answer", "pk": 57, "fields": {"question_id": 14, "content": "Odkrycie Ameryki", "type_id": 4, "flag": false}}, {"model": "viewer.answer", "pk": 58, "fields": {"question_id": 14, "content": "Budowa Katedry Notre-Dame", "type_id": 4, "flag": false}}, {"model": "viewer.answer", "pk": 59, "fields": {"question_id": 14, "content": "Wojna stuletnia", "type_id": 4, "flag": false}}, {"model": "viewer.answer", "pk": 60, "fields": {"question_id": 15, "content": "Henryk V", "type_id": 3, "flag": true}}, {"model": "viewer.answer", "pk": 61, "fields": {"question_id": 15, "content": "Edward III", "type_id": 3, "flag": false}}, {"model": "viewer.answer", "pk": 62, "fields": {"question_id": 15, "content": "Ryszard III", "type_id": 3, "flag": false}}, {"model": "viewer.answer", "pk": 63, "fields": {"question_id": 15, "content": "Henryk VII", "type_id": 3, "flag": false}}, {"model": "viewer.answer", "pk": 64, "fields": {"question_id": 16, "content": "Oblężenie Jerozolimy", "type_id": 4, "flag": true}}, {"model": "viewer.answer", "pk": 65, "fields": {"question_id": 16, "content": "Odkrycie Ameryki", "type_id": 4, "flag": false}}, {"model": "viewer.answer", "pk": 66, "fields": {"question_id": 16, "content": "Podpisanie Pokoju Westfalskiego", "type_id": 4, "flag": false}}, {"model": "viewer.answer", "pk": 67, "fields": {"question_id": 16, "content": "Zdobycie Konstantynopola", "type_id": 4, "flag": false}}, {"model": "viewer.answer", "pk": 68, "fields": {"question_id": 17, "content": "Iwan III Srogi", "type_id": 3, "flag": true}}, {"model": "viewer.answer", "pk": 69, "fields": {"question_id": 17, "content": "Piotr Wielki", "type_id": 3, "flag": false}}, {"model": "viewer.answer", "pk": 70, "fields": {"question_id": 17, "content": "Iwan IV Groźny", "type_id": 3, "flag": false}}, {"model": "viewer.answer", "pk": 71, "fields": {"question_id": 17, "content": "Dmitrij Doński", "type_id": 3, "flag": false}}, {"model": "viewer.answer", "pk": 72, "fields": {"question_id": 18, "content": "Odkrycie Ameryki przez Krzysztofa Kolumba", "type_id": 4, "flag": true}}, {"model": "viewer.answer", "pk": 73, "fields": {"question_id": 18, "content": "Odkrycie drogi morskiej do Indii przez Vasco da Gamę", "type_id": 4, "flag": false}}, {"model": "viewer.answer", "pk": 74, "fields": {"question_id": 18, "content": "Podróż Ferdynanda Magellana dookoła świata", "type_id": 4, "flag": false}}, {"model": "viewer.answer", "pk": 75, "fields": {"question_id": 18, "content": "Odkrycie Hawajów przez Jamesa Cooka", "type_id": 4, "flag": false}}, {"model": "viewer.answer", "pk": 76, "fields": {"question_id": 19, "content": "Wojna trzydziestoletnia", "type_id": 4, "flag": false}}, {"model": "viewer.answer", "pk": 77, "fields": {"question_id": 19, "content": "Wojna osiemdziesięcioletnia", "type_id": 4, "flag": false}}, {"model": "viewer.answer", "pk": 78, "fields": {"question_id": 19, "content": "Wojna hugenocka", "type_id": 4, "flag": true}}, {"model": "viewer.answer", "pk": 79, "fields": {"question_id": 19, "content": "Wojna stuletnia", "type_id": 4, "flag": false}}, {"model": "viewer.answer", "pk": 80, "fields": {"question_id": 20, "content": "Brazylia", "type_id": 6, "flag": true}}, {"model": "viewer.answer", "pk": 81, "fields": {"question_id": 20, "content": "Kuba", "type_id": 6, "flag": false}}, {"model": "viewer.answer", "pk": 82, "fields": {"question_id": 20, "content": "Meksyk", "type_id": 6, "flag": false}}, {"model": "viewer.answer", "pk": 83, "fields": {"question_id": 20, "content": "Peru", "type_id": 6, "flag": false}}, {"model": "viewer.answer", "pk": 84, "fields": {"question_id": 21, "content": "Ludwik XIV", "type_id": 3, "flag": true}}, {"model": "viewer.answer", "pk": 85, "fields": {"question_id": 21, "content": "Franciszek I", "type_id": 3, "flag": false}}, {"model": "viewer.answer", "pk": 86, "fields": {"question_id": 21, "content": "Henryk IV", "type_id": 3, "flag": false}}, {"model": "viewer.answer", "pk": 87, "fields": {"question_id": 21, "content": "Ludwik XVI", "type_id": 3, "flag": false}}, {"model": "viewer.answer", "pk": 88, "fields": {"question_id": 22, "content": "Chwalebna rewolucja", "type_id": 4, "flag": true}}, {"model": "viewer.answer", "pk": 89, "fields": {"question_id": 22, "content": "Rewolucja Francuska", "type_id": 4, "flag": false}}, {"model": "viewer.answer", "pk": 90, "fields": {"question_id": 22, "content": "Rewolucja kulturalna", "type_id": 4, "flag": false}}, {"model": "viewer.answer", "pk": 91, "fields": {"question_id": 22, "content": "Rewolucja przemysłowa", "type_id": 4, "flag": false}}, {"model": "viewer.answer", "pk": 92, "fields": {"question_id": 23, "content": "Obalenie monarchii", "type_id": 4, "flag": true}}, {"model": "viewer.answer", "pk": 93, "fields": {"question_id": 23, "content": "Rewolucja przemysłowa", "type_id": 4, "flag": false}}, {"model": "viewer.answer", "pk": 94, "fields": {"question_id": 23, "content": "Bitwa pod Waterloo", "type_id": 4, "flag": false}}, {"model": "viewer.answer", "pk": 95, "fields": {"question_id": 23, "content": "Unia personalna z Hiszpanią", "type_id": 4, "flag": false}}, {"model": "viewer.answer", "pk": 96, "fields": {"question_id": 24, "content": "Wynalezienie maszyny parowej przez Jamesa Watta", "type_id": 4, "flag": true}}, {"model": "viewer.answer", "pk": 97, "fields": {"question_id": 24, "content": "Odkrycie elektryczności przez Michaela Faradaya", "type_id": 4, "flag": false}}, {"model": "viewer.answer", "pk": 98, "fields": {"question_id": 24, "content": "Wynalezienie pierwszej maszyny tkackiej", "type_id": 4, "flag": false}}, {"model": "viewer.answer", "pk": 99, "fields": {"question_id": 24, "content": "Budowa pierwszej linii kolejowej", "type_id": 4, "flag": false}}, {"model": "viewer.answer", "pk": 100, "fields": {"question_id": 25, "content": "Bitwa pod Sedanem", "type_id": 4, "flag": true}}, {"model": "viewer.answer", "pk": 101, "fields": {"question_id": 25, "content": "Bitwa pod Waterloo", "type_id": 4, "flag": false}}, {"model": "viewer.answer", "pk": 102, "fields": {"question_id": 25, "content": "Bitwa pod Wagram", "type_id": 4, "flag": false}}, {"model": "viewer.answer", "pk": 103, "fields": {"question_id": 25, "content": "Bitwa pod Magentą", "type_id": 4, "flag": false}}, {"model": "viewer.answer", "pk": 104, "fields": {"question_id": 26, "content": "Giuseppe Garibaldi", "type_id": 3, "flag": true}}, {"model": "viewer.answer", "pk": 105, "fields": {"question_id": 26, "content": "Otto von Bismarck", "type_id": 3, "flag": false}}, {"model": "viewer.answer", "pk": 106, "fields": {"question_id": 26, "content": "Camilo di Cavour", "type_id": 3, "flag": false}}, {"model": "viewer.answer", "pk": 107, "fields": {"question_id": 26, "content": "Napoleon Bonaparte", "type_id": 3, "flag": false}}, {"model": "viewer.answer", "pk": 108, "fields": {"question_id": 27, "content": "Samolot", "type_id": 5, "flag": false}}, {"model": "viewer.answer", "pk": 109, "fields": {"question_id": 27, "content": "Samochód", "type_id": 5, "flag": false}}, {"model": "viewer.answer", "pk": 110, "fields": {"question_id": 27, "content": "Telefon", "type_id": 5, "flag": false}}, {"model": "viewer.answer", "pk": 111, "fields": {"question_id": 27, "content": "Internet", "type_id": 5, "flag": true}}, {"model": "viewer.answer", "pk": 112, "fields": {"question_id": 28, "content": "Obalenie monarchii lipcowej", "type_id": 4, "flag": true}}, {"model": "viewer.answer", "pk": 113, "fields": {"question_id": 28, "content": "Przywrócenie monarchii absolutnej", "type_id": 4, "flag": false}}, {"model": "viewer.answer", "pk": 114, "fields": {"question_id": 28, "content": "Ustanowienie republiki demokratycznej", "type_id": 4, "flag": false}}, {"model": "viewer.answer", "pk": 115, "fields": {"question_id": 28, "content": "Wybuch wojny domowej", "type_id": 4, "flag": false}}, {"model": "viewer.answer", "pk": 116, "fields": {"question_id": 29, "content": "Francja", "type_id": 6, "flag": true}}, {"model": "viewer.answer", "pk": 117, "fields": {"question_id": 29, "content": "Austria", "type_id": 6, "flag": false}}, {"model": "viewer.answer", "pk": 118, "fields": {"question_id": 29, "content": "Rosja", "type_id": 6, "flag": false}}, {"model": "viewer.answer", "pk": 119, "fields": {"question_id": 29, "content": "Prusy", "type_id": 6, "flag": false}}, {"model": "viewer.answer", "pk": 120, "fields": {"question_id": 30, "content": "Bitwa nad Sommą", "type_id": 4, "flag": true}}, {"model": "viewer.answer", "pk": 121, "fields": {"question_id": 30, "content": "Bitwa pod Stalingradem", "type_id": 4, "flag": false}}, {"model": "viewer.answer", "pk": 122, "fields": {"question_id": 30, "content": "Bitwa pod Kurskiem", "type_id": 4, "flag": false}}, {"model": "viewer.answer", "pk": 123, "fields": {"question_id": 30, "content": "Bitwa pod Verdun", "type_id": 4, "flag": false}}, {"model": "viewer.answer", "pk": 124, "fields": {"question_id": 31, "content": "Józef Stalin", "type_id": 3, "flag": true}}, {"model": "viewer.answer", "pk": 125, "fields": {"question_id": 31, "content": "Leonid Breżniew", "type_id": 3, "flag": false}}, {"model": "viewer.answer", "pk": 126, "fields": {"question_id": 31, "content": "Nikita Chruszczow", "type_id": 3, "flag": false}}, {"model": "viewer.answer", "pk": 127, "fields": {"question_id": 31, "content": "Michaił Gorbaczow", "type_id": 3, "flag": false}}, {"model": "viewer.answer", "pk": 128, "fields": {"question_id": 32, "content": "Upadek Muru Berlińskiego", "type_id": 4, "flag": true}}, {"model": "viewer.answer", "pk": 129, "fields": {"question_id": 32, "content": "Zakończenie wojny w Wietnamie", "type_id": 4, "flag": false}}, {"model": "viewer.answer", "pk": 130, "fields": {"question_id": 32, "content": "Rozpad Związku Radzieckiego", "type_id": 4, "flag": false}}, {"model": "viewer.answer", "pk": 131, "fields": {"question_id": 32, "content": "Przemiany ustrojowe w Polsce", "type_id": 4, "flag": false}}, {"model": "viewer.answer", "pk": 132, "fields": {"question_id": 33, "content": "Mao Zedong", "type_id": 3, "flag": true}}, {"model": "viewer.answer", "pk": 133, "fields": {"question_id": 33, "content": "Deng Xiaoping", "type_id": 3, "flag": false}}, {"model": "viewer.answer", "pk": 134, "fields": {"question_id": 33, "content": "Jiang Zemin", "type_id": 3, "flag": false}}, {"model": "viewer.answer", "pk": 135, "fields": {"question_id": 33, "content": "Xi Jinping", "type_id": 3, "flag": false}}, {"model": "viewer.answer", "pk": 136, "fields": {"question_id": 34, "content": "OECD", "type_id": 5, "flag": true}}, {"model": "viewer.answer", "pk": 137, "fields": {"question_id": 34, "content": "ONZ", "type_id": 5, "flag": false}}, {"model": "viewer.answer", "pk": 138, "fields": {"question_id": 34, "content": "Rada Europy", "type_id": 5, "flag": false}}, {"model": "viewer.answer", "pk": 139, "fields": {"question_id": 34, "content": "Organizacja Traktatu Północnoatlantyckiego", "type_id": 5, "flag": false}}, {"model": "viewer.answer", "pk": 140, "fields": {"question_id": 35, "content": "Rozpad Związku Radzieckiego", "type_id": 4, "flag": true}}, {"model": "viewer.answer", "pk": 141, "fields": {"question_id": 35, "content": "Podpisanie Traktatu z Maastricht", "type_id": 4, "flag": false}}, {"model": "viewer.answer", "pk": 142, "fields": {"question_id": 35, "content": "Upadek Muru Berlińskiego", "type_id": 4, "flag": false}}, {"model": "viewer.answer", "pk": 143, "fields": {"question_id": 35, "content": "Atak na World Trade Center", "type_id": 4, "flag": false}}]